id,homelat,homelon,mrtname,mrtlat,mrtlon
bob,1.271684,103.807672,Telok Blangah,1.270575,103.809731
tom,1.350142,103.935288,Tampines,1.353333, 103.945078
lars,1.425065,103.834088,Yishun,1.429334, 103.834966
ron,1.336155,103.698430,Pioneer,1.337614,103.697152