id,homelat,homelon
bob,1.271684,103.807672
tom,1.350142,103.935288
lars,1.425065,103.834088
ron,1.336155,103.698430