id,homelat,homelon,nearest_stn,stn_lat,stn_lon,directdist,walkingdist
bob,1.271684,103.807672,TELOK BLANGAH MRT STATION,1.27075321145858,103.80974863683599,0.253,0.296
tom,1.350142,103.935288,TAMPINES MRT STATION,1.35507742899599,103.94306049746099,1.023,1.597
lars,1.425065,103.834088,YISHUN MRT STATION,1.4294430808108003,103.835005046195,0.497,1.185
ron,1.336155,103.69843,PIONEER MRT STATION,1.33758688220475,103.697321512936,0.201,1.488
